Title,Link,Created Date
"Oil falls a third day, Brent crude set for worst week since 1991",/news/commodities-news/oil-falls-a-third-day-brent-crude-set-for-worst-week-since-1991-2109172, - 18 minutes ago
Venezuela Looks To Play Mediator Between OPEC And Russia,https://invst.ly/q3pjt, - 33 minutes ago
The Real Oil Demand Shock Is Yet To Come,https://invst.ly/q3pc2, - 1 hour ago
The 'only way' to beat coronavirus is to 'risk a recession' Jim Cramer says,https://invst.ly/q3pcf, - 1 hour ago
Alaska Could Become An Early Victim Of The Oil Price War,https://invst.ly/q3p4u, - 1 hour ago
"Big banks have cash to help some industries in short-term crisis, but for others the pain may come later",https://invst.ly/q3p27, - 1 hour ago
Oil crash puts LatAm governments in a fiscal bind: To spend or not to spend?,https://invst.ly/q3owg, - 2 hours ago
Plunge in oil prices may lead to deferred chem purchases,https://invst.ly/q3owi, - 2 hours ago
"Norway’s February oil, gas output broadly in line with forecast",https://invst.ly/q3owk, - 2 hours ago
"Low crude price: It’s not Advantage India, with demand laid low by virus",https://invst.ly/q3owl, - 2 hours ago
"US EIA trims gas price forecasts, sees increases ahead as production declines",https://invst.ly/q3otr, - 2 hours ago
OPEC’s No.2 Suffers From Saudi-Russian Oil Price War,https://invst.ly/q3osa, - 2 hours ago
"Wall Street sell-off batters bitcoin, pounds palladium as investors go to cash",/news/economy/wall-street-selloff-batters-bitcoin-pounds-palladium-as-investors-go-to-cash-2109095, - 2 hours ago
Should You Sell Your Oil Stocks Now?,https://invst.ly/q3ojo, - 3 hours ago
G7 affirms commitment to international cooperation on coronavirus risks: U.S. Treasury,/news/economy/g7-affirms-commitment-to-international-cooperation-on-coronavirus-risks-us-treasury-2109084, - 3 hours ago
"U.S. oil company workers make big, bad retirement bet: their own stock",https://invst.ly/q3ofe, - 3 hours ago
Chinese funds curb subscriptions to oil investments amid global price rout,https://invst.ly/q3ofj, - 3 hours ago
Oil price crash is making big oil companies slash spending,https://invst.ly/q3ofm, - 3 hours ago
Why April will be a ‘very cruel month for oil prices’,https://invst.ly/q3ofn, - 3 hours ago
"Saudi Arabia unveils plans to maximize oil output, escalating a price war with Russia",https://invst.ly/q3ofr, - 3 hours ago
"North Sea industry uncertain on coronavirus procedures, helicopter flights",https://invst.ly/q3ofu, - 3 hours ago
Russia to OPEC – deeper oil cuts won’t work,https://invst.ly/q3og1, - 3 hours ago
"Cheap oil doubles Americas VLCC freight, makes for storage play",https://invst.ly/q3oe4, - 3 hours ago
Booking frenzy sends tanker rates soaring as OPEC opens oil taps,https://invst.ly/q3oe7, - 3 hours ago
Shipping number of the week: Oil prices suddenly drop 24% – a boon to the oil tanker shipping industry?,https://invst.ly/q3oea, - 3 hours ago
D’Amico International Shipping 2019 Results Significantly Better Than In The Previous Year,https://invst.ly/q3odv, - 3 hours ago
US-China “Phase One” Agreement Fails To Boost January Volumes,https://invst.ly/q3odx, - 3 hours ago
US Crude Oil Exports Surge To 3 Million Bpd In 2019 ,https://invst.ly/q3obe, - 3 hours ago
How Long Will The Oil Price War Actually Last?,https://invst.ly/q3o3w, - 4 hours ago
Commodities Corner: Gasoline futures log lowest settlement in 11 years,https://invst.ly/q3mzq, - 5 hours ago
"After Saudi-Russian Drama, Trump’s Europe Ban Delivers Fresh Pain to Oil",/news/commodities-news/after-saudirussian-drama-trumps-europeban-delivers-fresh-pain-to-oil-2108868, - 6 hours ago
Oil falls 7% after Trump surprises with travel curbs,/news/commodities-news/oil-falls-4-as-coronavirus-pandemic-prompts-trump-travel-ban-2107886, - 6 hours ago
Russia’s Big Bet Against U.S. Oil Is Very High Risk,https://invst.ly/q3mgb, - 6 hours ago
The Tell: Here’s a breakdown of U.S. bank exposure to the energy industry as oil prices tank,https://invst.ly/q3m9l, - 6 hours ago
Oil futures finish over 4% lower as coronavirus worries worsen,https://invst.ly/q3m1l, - 7 hours ago
Oil Price Crash Continues Despite $1.5 Trillion Fed Intervention,https://invst.ly/q3lxp, - 7 hours ago
US Big Oil Employees Risk Savings As Share Prices Slide,https://invst.ly/q3ltv, - 7 hours ago
Oil tanker rates extend gains as Saudis flood market,https://invst.ly/q3lmk, - 7 hours ago
Here are five things the pros are watching to gauge when the market turmoil may end,https://invst.ly/q3lmu, - 7 hours ago
Saudi Arabia Strikes Back At Russia In Key Oil Market,https://invst.ly/q3le0, - 8 hours ago
